model,rmse_overall,r2_overall,mae_overall,mape_overall
LightGBM-limited_withstorm,18.173390820928326,0.05800331707761586,14.769638069849785,7.774210272326569
LightGBM-tuned_withoutstorm,18.192454808629023,0.05602596100939994,14.828178922263387,7.807062517920473
