model,rmse_overall,r2_overall,mae_overall,mape_overall
Lag-1 Baseline,23.18693713717574,-0.533430899186581,18.073005565862708,9.585440977970986
Ridge,15.156285698974983,0.3342609444256638,11.693811521796261,6.167009208291442
LightGBM-limited_withstorm,14.153634095269446,0.4286353480916686,10.93654397669086,5.758260437485014
LightGBM-tuned_withoutstorm,14.266702217137388,0.4194700449836378,10.834686315330863,5.731797827141701
