model,rmse_overall,r2_overall,mae_overall,mape_overall
LightGBM-limited_withstorm,13.855343663723607,0.4524647982848542,10.752347396659601,5.680274449262642
LightGBM-tuned_withoutstorm,13.847774919590375,0.4530628378622149,10.566547964617863,5.6065372750303295
